name	pool	seq	size	%gc	tm (use 65)
HRV-C1-1200_1_LEFT	1	ACGGTCAAGCACTTCTGTTTCC	22	50.00	61.50
HRV-C1-1200_1_RIGHT	1	CCAACAAGGTCCCATTGCAGT	21	52.38	61.20
HRV-C1-1200_2_LEFT	2	TGTTTGTTGGTGGCAGTGGT	20	50.00	60.63
HRV-C1-1200_2_RIGHT	2	TGAAGCTTGTGTGTCTGGGAC	21	52.38	60.58
HRV-C1-1200_3_LEFT	1	TCACATTGTGGTACCAGACAGC	22	50.00	60.73
HRV-C1-1200_3_RIGHT	1	GTGGTGTGTGAGGTTTATTGGGA	23	47.83	61.01
HRV-C1-1200_4_LEFT	2	AGAACCTGGGACCTAGTGATATGT	24	45.83	60.66
HRV-C1-1200_4_RIGHT	2	TTTGGGATCAGGTGGTAATGAGT	23	43.48	59.67
HRV-C1-1200_5_LEFT	1	TGTGCTACAAGAAGACCCACAG	22	50.00	60.41
HRV-C1-1200_5_RIGHT	1	TCTTATGTCTCTGAACTTTTCATTTCGATC	30	33.33	61.02
HRV-C1-1200_6_LEFT	2	GTGCAGTAATACCCACACATGC	22	50.00	60.08
HRV-C1-1200_6_RIGHT	2	AGGCTCCCATCATAGTTTGTGT	22	45.45	59.61
HRV-C1-1200_7_LEFT	1	CCCAGAAAGATCCCAGACTAGAAAC	25	48.00	61.01
HRV-C1-1200_7_RIGHT	1	AGATACAACCTACGGCCCACTT	22	50.00	61.34
